_id,Kutuphane Adi,Ilce,2025 Yili Etkinlik Sayisi,2025 Yili Katilimci Sayisi
1,İBB Atatürk Kitaplığı,BEYOĞLU,64,2400
2,İBB Eyüpsultan Kütüphanesi,EYÜPSULTAN,14,240
3,İBB Ahmet Süheyl Ünver Kütüphanesi,ÜMRANİYE,18,340
4,İBB İdris Güllüce Kütüphanesi,TUZLA,13,200
5,İBB Halil İnalcık Kütüphanesi,KARTAL,11,187
6,İBB Muallim Cevdet Kütüphanesi,KARTAL,15,180
7,İBB Ahmet Kabaklı Kütüphanesi,FATİH,18,252
8,İBB Rasim Özdenören Kütüphanesi,BAŞAKŞEHİR,21,380
9,İBB Nasrettin Hoca Kütüphanesi,BAĞCILAR,16,290
10,İBB Hacı Bektaş-i Veli Kütüphanesi,SULTANGAZİ,16,240
11,İBB Prof.Dr. İlhan Varank Kütüphanesi,SULTANBEYLİ,6,60
12,İBB Ayşe Hatun Kütüphanesi,FATİH,15,225
13,İBB Ahmed Arif Kütüphanesi,SULTANGAZİ,12,180
14,İBB Sezai Karakoç Kütüphanesi,GÜNGÖREN,4,35
15,İBB Rıfat Ilgaz Kütüphanesi,ARNAVUTKÖY,7,105
16,İBB Fakir Baykurt Kütüphanesi,AVCILAR,19,260
17,İBB Kütüphane Troleybüs,FATİH,15,150
18,İBB Peyami Safa Kütüphanesi,BEYOĞLU,29,435
19,İBB Gülten Akın Kütüphanesi,ESENYURT,18,340
20,İBB Yaşar Kemal Kütüphanesi,SANCAKTEPE,17,255
21,İBB Sabahattin Eyüboğlu Kütüphanesi,AVCILAR,17,220
22,İBB Attila İlhan Kütüphanesi,KÜÇÜKÇEKMECE,11,165
23,İBB Moda İskelesi Kütüphanesi,KADIKÖY,6,150
24,İBB Hasan Hüseyin Korkmazgil Kütüphanesi,EYÜPSULTAN,20,445
25,İBB Hasan İzzettin Dinamo Kütüphanesi,PENDİK,8,120
26,İBB Cemil Meriç Kütüphanesi,ARNAVUTKÖY,4,50
27,İBB Feza Gürsey Kütüphanesi,BEYKOZ,18,270
28,İBB Sabahattin Ali Kütüphanesi,BAŞAKŞEHİR,5,60
29,İBB İsmail Hakkı Tonguç Kütüphanesi,ESENYURT,11,165
30,İBB Muzaffer İzgü Kütüphanesi,MALTEPE,13,260
31,İBB Suat Derviş Kütüphanesi,BAYRAMPAŞA,13,195
32,İBB Samiha Ayverdi Kütüphanesi,BAYRAMPAŞA,20,300
33,İBB Habitat Kütüphanesi,ŞİŞLİ,6,60
34,İBB Metin Altıok Kütüphanesi,KÜÇÜKÇEKMECE,17,255
35,İBB Kadıköy İskelesi Kütüphanesi,KADIKÖY,5,150
36,İBB Salah Birsel Kütüphanesi,ÜSKÜDAR,17,255
37,İBB Ahmet Bedevi Kütüphanesi,SARIYER,5,75
38,İBB Gaziosmanpaşa Meydan Kitaplığı,GAZİOSMANPAŞA,6,90
